year,country,subject,group,mean_score,standard_error
2006,Japan,Science,Overall,531,3.4
2006,Japan,Science,Female,530,5.1
2006,Japan,Science,Male,533,4.9
2006,Korea,Science,Overall,522,3.4
2006,Korea,Science,Female,523,3.9
2006,Korea,Science,Male,521,4.8
2006,Japan,Reading,Overall,498,3.6
2006,Japan,Reading,Female,513,5.2
2006,Japan,Reading,Male,483,5.4
2006,Korea,Reading,Overall,556,3.8
2006,Korea,Reading,Female,574,4.5
2006,Korea,Reading,Male,539,4.6
2006,Japan,Mathematics,Overall,523,3.3
2006,Japan,Mathematics,Female,513,4.9
2006,Japan,Mathematics,Male,533,4.8
2006,Korea,Mathematics,Overall,547,3.8
2006,Korea,Mathematics,Female,543,4.5
2006,Korea,Mathematics,Male,552,5.3
